date,station_code,DO,BOD,COD,AN,TSS,pH,station_name,river_name
2023-01-01,S04,7.927758233589819,1.3022008132675518,6.20396280563043,0.4407792820157113,13.956203047919328,6.048847105557321,S04,Sungai Kulim
2023-01-11,S04,7.137966158370551,1.5887887914672514,5.7678579198564695,0.2462076496909344,119.56317946712824,6.3614351389134765,S04,Sungai Kulim
2023-01-15,S04,4.836638172102712,6.722188171799013,10.189555434232147,0.1106618908425251,9.08184787452746,7.262915220643847,S04,Sungai Kulim
2023-01-17,S04,4.701444909867986,4.421549713620236,3.271970463203172,0.6779994598574826,11.55303174911726,7.62652452481054,S04,Sungai Kulim
2023-01-20,S04,4.460053537882716,1.3874088123936774,7.080308833059347,0.182076078756063,1.0920905050546383,6.899402962003382,S04,Sungai Kulim
2023-01-23,S04,6.661760464428914,1.837146698423506,4.715370308698874,0.2623249698592201,2.9695288244634663,6.497967997804742,S04,Sungai Kulim
2023-01-29,S04,9.345144773675408,0.6944492539113958,1.0,0.1712362761325949,1.0,6.655657840959427,S04,Sungai Kulim
2023-01-30,S04,6.838038018732091,1.490862172380171,1.809583549513467,0.4956487874967038,8.605504078044227,8.60677840878536,S04,Sungai Kulim
2023-02-01,S04,5.888461844684588,4.610459397808588,80.0,0.532020082560621,38.03202276067017,7.5871603826913905,S04,Sungai Kulim
2023-02-02,S04,7.116653825043445,3.142273655573616,24.31307270075151,0.1665465457824755,2.273026595581076,6.540318513453287,S04,Sungai Kulim
2023-02-10,S04,4.528940114820466,2.16844022011808,11.636907272126106,1.7685895117032977,29.340641942765668,6.210847600720602,S04,Sungai Kulim
2023-02-12,S04,8.182620241188538,1.8001527100201276,1.0,0.5720045730248468,1.2075382511822568,8.72507970538344,S04,Sungai Kulim
2023-02-19,S04,6.786635678788744,0.2890720547504648,6.733406279717324,0.6079018237562055,19.00692105649871,6.323558258916309,S04,Sungai Kulim
2023-02-20,S04,6.384098232980064,0.1983568786178013,1.7210714325257404,0.5176160301193583,77.55752021022886,5.71178950496656,S04,Sungai Kulim
2023-02-21,S04,5.3817670715949975,3.5618566739240607,31.30400573313811,0.2341535055413361,15.204603162817737,7.602551959786039,S04,Sungai Kulim
2023-02-22,S04,6.267081809564565,5.011791791832372,22.92893487686776,1.5073693979444274,29.4186758145062,6.134385771966451,S04,Sungai Kulim
2023-02-26,S04,4.428021078984101,2.6108242588209807,14.71610134974418,0.1935195362335322,58.54769597909765,5.773921412321791,S04,Sungai Kulim
2023-02-28,S04,2.327589253793407,0.2516222495575811,13.004347941608549,0.3820213697165823,65.86395177778854,7.919589891208295,S04,Sungai Kulim
2023-03-03,S04,1.6942188140950345,0.8819654414957635,1.0,1.4325337021425268,1.6375070696128695,7.4647996319693535,S04,Sungai Kulim
2023-03-07,S04,7.676981548903283,3.809642264502558,19.27396376250206,0.2430329478827,7.910775212785689,6.75057154139518,S04,Sungai Kulim
2023-03-10,S04,7.838152965975537,1.4449926798445516,2.5224820571722093,1.6455191067279176,24.19155159571905,7.082494340573764,S04,Sungai Kulim
2023-03-11,S04,5.419450911622698,0.1777856781818602,5.375336485871965,0.067712805818103,28.72203932340457,6.638843687740053,S04,Sungai Kulim
2023-03-19,S04,4.203064036417926,0.2032789707668261,2.300438943479567,0.1083284442896811,18.35430929511314,6.696300402658533,S04,Sungai Kulim
2023-03-20,S04,6.056362314738257,0.3893477490157806,1.0,0.846500807839973,21.94975113954098,7.6857267107386305,S04,Sungai Kulim
2023-03-21,S04,5.981762006711593,8.73800895711178,14.746124390149925,0.8111621637664848,4.521860449366619,8.219710877186206,S04,Sungai Kulim
2023-03-30,S04,3.869772673849255,1.0306840179089842,13.502437993000884,0.01,34.119034171912595,6.6397054469946655,S04,Sungai Kulim
2023-04-11,S04,3.580610514317785,1.3861303357053123,22.90029905473264,0.2039905627818763,1.0,7.1479700698736695,S04,Sungai Kulim
2023-04-13,S04,9.061501664687396,1.9308187606479257,17.66129535394345,0.2372442949590091,7.720435952437594,6.309448230266538,S04,Sungai Kulim
2023-04-18,S04,5.325828057763921,1.919993890748624,1.1292981929471415,0.0340816962099109,8.004808824066744,6.446347841068246,S04,Sungai Kulim
2023-05-02,S04,5.550469196214633,0.5324695497722591,6.47813241397433,0.4080079546816665,25.34613698664814,6.976946718729101,S04,Sungai Kulim
2023-05-06,S04,7.518310320605294,1.378828088975233,6.848641250997602,0.1879781737952252,11.352567627621754,7.5415952779000435,S04,Sungai Kulim
2023-05-08,S04,0.8179154157101802,0.5815388055631174,2.462694803160733,0.6610064040008348,2.870387203693228,8.214737624521744,S04,Sungai Kulim
2023-05-13,S04,5.969380301654009,1.7499627639396609,1.6774715187867355,0.2153110519327926,1.0,8.043867810655463,S04,Sungai Kulim
2023-05-17,S04,8.393143003328984,1.2553991122923591,22.75849332193932,0.4449846561183244,6.46043053456521,6.724013470434346,S04,Sungai Kulim
2023-05-23,S04,5.654107880153154,0.1,7.139199342454135,0.0509705880601326,48.22000047275842,6.260059347424581,S04,Sungai Kulim
2023-05-24,S04,9.423416960284689,0.7589315322466583,27.786489101789797,0.3970603302611896,26.069318331015115,7.215020631318914,S04,Sungai Kulim
2023-05-25,S04,3.2561977141372878,0.1171264661552423,15.5013463011001,0.6065711904943016,44.49607320001583,7.149685680100074,S04,Sungai Kulim
2023-05-26,S04,2.7728772042465177,2.909380389352872,15.778409081243296,0.7868023444559924,12.134252344352555,7.310739690942005,S04,Sungai Kulim
2023-05-27,S04,8.942340654987216,2.422044883554692,30.24097256781553,0.4959350950740395,53.40974478708024,6.178198489995896,S04,Sungai Kulim
2023-05-30,S04,8.079809374792152,1.008154312617058,1.4948056781299734,0.5655809316028659,7.224226093002455,8.187713489501206,S04,Sungai Kulim
2023-06-06,S04,7.484190744018614,1.7567528648552402,19.10045061871192,1.2221086720848968,124.36590120927886,7.79018281273968,S04,Sungai Kulim
2023-06-16,S04,5.269356897375783,0.8761684168737984,27.1450009508052,0.4755808199875369,61.997930794123086,9.0,S04,Sungai Kulim
2023-06-19,S04,4.056771922978697,4.29584511282517,28.611310018268423,0.1013383938461173,34.19331448692945,6.362410664948898,S04,Sungai Kulim
2023-06-23,S04,7.073305505054572,1.1669124250727003,10.423528965203891,0.01,1.2863709582631406,5.808572588447825,S04,Sungai Kulim
2023-06-24,S04,8.371408309325993,2.089575174198686,59.78619359568037,0.5351856807085196,19.10770430935574,6.803203729315439,S04,Sungai Kulim
2023-07-05,S04,10.0,0.8252344755406937,6.801715826671164,0.2744764854576543,53.19101087257839,7.5423759767172225,S04,Sungai Kulim
2023-07-12,S04,7.076592158099266,1.607559305258769,3.48865917830124,0.4431177316238579,3.462325204025898,7.475883498717796,S04,Sungai Kulim
2023-07-14,S04,5.270094540914229,4.110092073748675,30.342873382229733,0.2910483448538783,16.751645781947193,6.740304260481647,S04,Sungai Kulim
2023-07-19,S04,3.7935832685566337,0.1651992309234877,7.400549955226155,0.5907951561905151,1.0,6.760360471040646,S04,Sungai Kulim
2023-07-24,S04,7.720946976719491,0.3097306032592568,6.46604876676314,0.4807677386100961,62.16892469477168,5.978050716923725,S04,Sungai Kulim
2023-07-28,S04,5.502617747632906,0.16810150285514,22.912589690285227,0.776233999694114,72.65265243193411,8.086095706440112,S04,Sungai Kulim
2023-07-29,S04,9.214691152039986,5.612492519935785,8.76855853434129,0.1499010413752651,51.54870106979747,6.885134729030293,S04,Sungai Kulim
2023-07-31,S04,7.469755572099634,1.7667949817834774,22.57004853962441,0.1209431818023182,185.1915267640341,6.602679158297403,S04,Sungai Kulim
2023-08-05,S04,6.799375903505283,3.528127981870848,11.196528850185995,0.271028730784621,71.66343106144734,5.8317580518326215,S04,Sungai Kulim
2023-08-06,S04,4.697286212416342,3.0600482823771,24.816485595605204,0.3551862353500476,11.109378870033222,7.150353421146205,S04,Sungai Kulim
2023-08-12,S04,9.404429889270476,0.3899712733624854,40.63871734975967,0.1773899113989679,22.785734301826828,7.921878911169541,S04,Sungai Kulim
2023-08-18,S04,6.762316769765556,5.495784359757096,10.6852213545273,0.5957281256438961,8.76055837152822,7.837370171020611,S04,Sungai Kulim
2023-08-21,S04,5.723088032032452,3.318044664674089,1.2747743451791569,0.0336047967447043,6.6841187736363565,6.898668778121869,S04,Sungai Kulim
2023-08-22,S04,3.5514035274212685,6.012891757812204,3.222780943820565,0.8723665796475989,8.324452448355627,6.559107007967497,S04,Sungai Kulim
2023-08-26,S04,7.177156808841219,3.3681804575576075,1.0,0.3123544782406798,61.78105635364017,7.260207598583666,S04,Sungai Kulim
2023-09-04,S04,4.43020337383552,0.966470738818356,9.262587685249748,0.3105242224380521,12.945196981360846,5.860187477022809,S04,Sungai Kulim
2023-09-06,S04,5.758103702784437,1.1688630447439303,4.264576337918302,0.8618010102351032,4.058941437416233,6.758322367180315,S04,Sungai Kulim
2023-09-09,S04,5.125083399353179,3.5013211682372263,26.103202569358636,0.3153287198928827,36.60264243336083,7.132687221438938,S04,Sungai Kulim
2023-09-10,S04,7.444762715655543,1.7734661089248769,8.111763188227014,1.722143831363893,70.64103370718585,7.669592923706939,S04,Sungai Kulim
2023-09-22,S04,4.871504802685223,0.4981734670821448,11.665964701160824,0.1655937987047224,46.27899668590784,7.658145941259315,S04,Sungai Kulim
2023-09-24,S04,9.08421990513575,1.695431593007745,43.5109941986621,0.0265346352031153,3.173067807892513,7.144244041070002,S04,Sungai Kulim
2023-09-27,S04,8.416732461186285,1.854497705313684,9.402685087859998,0.0711298242031583,65.6117405134695,7.996032806578605,S04,Sungai Kulim
2023-10-01,S04,4.897628567342933,2.1963566258566187,13.089304870366776,0.7211371622209645,14.352745641021375,6.053531587800188,S04,Sungai Kulim
2023-10-11,S04,5.612681081440564,1.3205635662165136,1.0,0.245620236367057,20.4069502228344,6.8360540206067135,S04,Sungai Kulim
2023-10-14,S04,5.834638628314601,0.3140719589221128,51.5669398981916,0.4284228362270056,50.4629575569184,7.308170121807484,S04,Sungai Kulim
2023-10-17,S04,7.2616233691095555,0.1476282620878432,11.327009257580446,0.0935730492823335,36.93248796236689,7.164389142048016,S04,Sungai Kulim
2023-10-21,S04,7.164195406937232,1.6323192721278297,14.853253696283014,0.3381590199776577,6.475830129670559,7.886755681378315,S04,Sungai Kulim
2023-10-22,S04,5.547031802300336,6.427329870575044,12.22131214621218,1.855099127136156,4.1935777409050585,7.236156294527069,S04,Sungai Kulim
2023-10-26,S04,9.769172611869218,0.409813834222041,1.384069045536478,0.4657212238840785,65.24591737416036,6.859092641831377,S04,Sungai Kulim
2023-11-02,S04,5.704794827402663,0.1606584795972378,5.996654056966451,0.2988392167417695,31.298938580019893,6.348251477409864,S04,Sungai Kulim
2023-11-04,S04,2.810593865466409,0.2715121049896745,29.16842951019803,1.5713703811646988,20.30707462827679,6.716912829743917,S04,Sungai Kulim
2023-12-01,S04,1.1515194794541168,0.5407952756893024,44.22275071280522,0.0621463919147417,11.72953985431191,7.484323603810197,S04,Sungai Kulim
2023-12-04,S04,5.437344885763573,3.194169508659685,13.403434859164904,0.0698172446026682,54.55464328939326,6.14144778074636,S04,Sungai Kulim
2023-12-06,S04,7.031878435408199,1.583412318337563,42.52434981231286,0.4430059346893535,2.5970510633769903,6.976186809330879,S04,Sungai Kulim
2023-12-08,S04,4.941894645307411,5.113259498215055,10.860042137432115,0.991826211533078,19.156211305435853,7.093206441980697,S04,Sungai Kulim
2023-12-10,S04,3.491421153661501,0.6586777563207812,12.388003671296724,0.1416773383529704,13.538480359744408,6.750826244080638,S04,Sungai Kulim
2023-12-20,S04,8.29727469885743,7.653587712928802,11.621665531282328,0.5841565863293532,37.77330776112719,8.370169129021019,S04,Sungai Kulim
2023-12-23,S04,6.857633000661146,0.8135100218697903,1.0,0.0624845902463162,19.38685959569744,6.040636539923486,S04,Sungai Kulim
2023-12-27,S04,4.344819558702561,3.5748789078052865,8.44081737851304,0.5934279520660001,54.048758205290405,6.887779531559658,S04,Sungai Kulim
2023-12-28,S04,6.172287766092749,3.260971392067096,5.79152856818318,0.2912926676419441,69.9607295210409,6.731587334373547,S04,Sungai Kulim
2023-12-29,S04,3.855721976028786,4.026157124852698,35.57152091695488,1.450072752873128,50.52794691745047,7.204781717135017,S04,Sungai Kulim
2023-12-31,S04,6.873119608315336,2.355639285451645,14.334399461199988,0.5147764568383159,8.702085738345094,8.001557963610527,S04,Sungai Kulim
2024-01-02,S04,1.2741351289163232,1.075087346401728,1.0,1.5711272192096275,1.0,6.709459553013748,S04,Sungai Kulim
2024-01-04,S04,7.238308522010396,1.0308037736291078,4.6229361462450855,1.6375367405244643,21.09942874363303,6.890862279777907,S04,Sungai Kulim
2024-01-07,S04,4.543994117541731,0.2905540666791509,4.680588460960703,0.813652737495526,72.72699381030384,6.783783705860313,S04,Sungai Kulim
2024-01-12,S04,5.034512955635935,5.962598120437668,40.77900791318886,0.1747299006146949,48.05837598160996,6.106138392855012,S04,Sungai Kulim
2024-01-19,S04,2.873618382606686,1.3225318240263813,38.78588432473372,0.6102393615144768,17.15105266417223,8.13122330844959,S04,Sungai Kulim
2024-02-03,S04,5.1053562086824975,0.6053543652284757,13.887267966537026,0.8311643967296535,8.489908327821023,7.037309893252773,S04,Sungai Kulim
2024-02-09,S04,4.712900335365076,1.339555472520325,6.974328736411973,2.582591780568084,22.563347581913877,6.435569642177232,S04,Sungai Kulim
2024-02-12,S04,5.192703073516007,1.086351493256763,22.74407350639778,0.1899753590304771,1.070834537724689,6.422122076307977,S04,Sungai Kulim
2024-02-14,S04,6.847198131186922,1.4418914294526213,1.2517579065931097,0.1850423878436581,1.0,7.099003714019422,S04,Sungai Kulim
2024-02-18,S04,8.824441110830858,0.6726972564963659,24.72469810468094,0.6608677489387275,16.954907708906305,5.47107253979161,S04,Sungai Kulim
2024-02-24,S04,7.971459991359726,1.2759907444939356,22.90740833543672,0.527316546303886,24.36179574607317,5.574307934412137,S04,Sungai Kulim
2024-02-26,S04,10.0,1.9652986821289529,24.07288709835484,0.5824249565554254,17.528315847142103,6.508769470760472,S04,Sungai Kulim
2024-03-05,S04,8.63519507121592,1.7213198575291382,3.570016004304437,0.2761616125276099,34.08036257334098,7.557640783071781,S04,Sungai Kulim
2024-03-08,S04,8.634230134679731,3.323158816672084,1.0347831948669843,0.3854645729688876,15.96980749952853,7.520534103033669,S04,Sungai Kulim
2024-03-10,S04,1.7562902019828108,2.771468486336635,1.0,0.2935951260536624,26.207990820147295,6.143466875047857,S04,Sungai Kulim
2024-03-11,S04,4.784356025811135,4.8846478097401205,27.04935078878245,0.760155720739119,2.2096151581382277,6.372543223759795,S04,Sungai Kulim
2024-03-14,S04,4.001395535410179,0.6261299942546554,12.132427972930486,1.2015090424156638,41.39700815362567,8.271317841309166,S04,Sungai Kulim
2024-03-21,S04,4.155179631002995,1.9112109539649484,32.87534537577731,1.09268142646013,2.839824210643699,7.5611119150476,S04,Sungai Kulim
2024-03-27,S04,5.136759374563903,0.6661523493254228,4.69189971457659,0.5381645241428278,43.73735893300789,6.279263105156677,S04,Sungai Kulim
2024-03-30,S04,4.192596278539744,0.1,12.285304952376316,0.812391333337386,91.7747143690356,6.643363748938547,S04,Sungai Kulim
2024-04-14,S04,4.6445100589502974,0.6771683160907346,5.862888239634185,1.1385515183807156,95.28251716514032,8.040881650419275,S04,Sungai Kulim
2024-04-21,S04,6.819637313857025,0.2972907411076845,7.32770995278659,0.2972493562219093,79.15099856414749,6.522095151163886,S04,Sungai Kulim
2024-04-26,S04,4.050941390658717,2.837969191496624,31.96204166148433,0.1563834439326733,13.121015794343728,6.37466234212249,S04,Sungai Kulim
2024-05-03,S04,6.663960661138029,5.452750590870811,32.01910997989668,0.1573373157975819,15.8207704090044,7.658390873602658,S04,Sungai Kulim
2024-05-07,S04,7.026211596352166,2.35307621419963,16.591541081712386,0.3113889450278654,22.636313856206275,6.428154192806824,S04,Sungai Kulim
2024-05-15,S04,6.734574626802681,1.404198024502916,7.268089202352707,0.2578269899782583,15.785477614386254,7.19639894543545,S04,Sungai Kulim
2024-05-21,S04,7.5998838038841,1.039481695232684,38.02843906289363,0.367527104301359,2.8644898507924283,7.403492052574728,S04,Sungai Kulim
2024-05-22,S04,2.767378783126824,0.6271257420216655,13.069360326118789,0.5326611011716413,19.269045962464222,6.566960724030208,S04,Sungai Kulim
2024-05-26,S04,9.42122674516385,0.9248081524660026,24.68429629952983,0.0840228802147762,72.6600350841537,6.749656826247989,S04,Sungai Kulim
2024-05-28,S04,5.662356553619979,4.545961114944356,1.862169274465378,0.2621412913277968,6.986320883618431,8.588541128811872,S04,Sungai Kulim
2024-05-29,S04,6.140104326226362,3.743219127798344,2.0728211266152714,0.5815190945533799,31.38745016283745,7.098823361472874,S04,Sungai Kulim
2024-06-04,S04,6.379163233197486,1.3317398381273955,4.271543626530114,2.4927571622522957,4.526938847232685,7.36064986906544,S04,Sungai Kulim
2024-06-06,S04,0.5935354140015257,0.5714741195715377,1.6112271267314513,0.1326689127508023,14.80672560526435,7.366033547203825,S04,Sungai Kulim
2024-06-09,S04,2.338734206287086,4.166716811507174,6.96082246937047,0.0514081415857041,62.214893963448745,7.509496126716322,S04,Sungai Kulim
2024-06-23,S04,5.648228375135327,0.748119067077543,2.234420270140919,0.1251890005569122,40.69712319856752,6.958020915149561,S04,Sungai Kulim
2024-06-27,S04,9.390102080861508,6.089288491029816,6.1873182255019845,0.8276826817756805,96.14888858445224,6.717963005810704,S04,Sungai Kulim
2024-07-13,S04,4.495687188818834,2.5279056180729667,30.0366493194056,0.2661594118733971,52.62507225578809,7.140538969993424,S04,Sungai Kulim
2024-07-17,S04,6.230052158294835,0.3685154723787983,8.118460841592219,0.2979301347908659,81.79776399962084,8.204917792619957,S04,Sungai Kulim
2024-07-18,S04,5.679734408866719,3.6211775765160783,4.339090143963068,0.3851969985953515,16.975205299234563,6.648920007617463,S04,Sungai Kulim
2024-07-19,S04,7.342680152900932,1.5921751724957949,5.797462720111786,0.1137863744230151,23.21896453914734,6.088750793906919,S04,Sungai Kulim
2024-07-22,S04,5.361892128666764,1.4312504121259626,12.739431321737596,0.2843365811737132,19.074951181205336,6.909074526000768,S04,Sungai Kulim
2024-07-31,S04,2.8317281139890205,2.3882044648863947,2.0944145654913,0.8322915849797204,3.1339784808104967,6.461168281682205,S04,Sungai Kulim
2024-08-02,S04,7.017450046459867,4.228555575794965,24.730664189777496,0.0730523372560623,7.263009371557489,6.562988792658028,S04,Sungai Kulim
2024-08-03,S04,2.837618595935733,2.5846727373805884,4.242373260546094,0.3442286521263522,6.867063538283391,7.450328528228068,S04,Sungai Kulim
2024-08-09,S04,5.462938704188336,2.273641455002,12.155189908437531,0.3814902886712147,6.255037560301067,6.462953926903131,S04,Sungai Kulim
2024-08-11,S04,1.69636919734139,0.6309542864520044,15.982130500877496,0.01,19.38371141759948,6.775037123677786,S04,Sungai Kulim
2024-08-17,S04,5.550288036383843,0.299911812241687,6.993930683083187,0.1896455481163545,18.25954549594394,9.0,S04,Sungai Kulim
2024-08-24,S04,6.037699245889695,1.4702056235773444,24.38443347167285,0.01,6.433505404816741,5.0,S04,Sungai Kulim
2024-08-26,S04,6.466432262527003,4.239104690429634,20.25714569441724,0.4653970614118224,49.73887387089447,6.0802068357056855,S04,Sungai Kulim
2024-08-29,S04,4.775125250719125,0.2978623712492289,24.821122376053623,0.3185465497704534,38.99219497714327,6.315613843259535,S04,Sungai Kulim
2024-09-08,S04,6.319712783994801,3.4324134935578563,16.246970325762256,0.035102014371716,32.55778477525968,6.508044717987166,S04,Sungai Kulim
2024-09-10,S04,8.531415681729401,1.0859049980151805,1.5562081229588547,0.8198715779244832,24.29167875329888,7.180990470933938,S04,Sungai Kulim
2024-09-11,S04,4.267650303570998,1.2250841541231596,3.9610179899834512,0.170891663345944,10.157161177283662,7.894347058181721,S04,Sungai Kulim
2024-09-14,S04,4.707545380312394,1.4384679726237857,29.176704969709423,1.0996504665092448,107.82288111046113,5.614004324026138,S04,Sungai Kulim
2024-09-15,S04,9.550621785219024,0.7738399032231565,8.044899852510017,0.932893217927643,1.1483840637769671,6.685439197054248,S04,Sungai Kulim
2024-09-18,S04,8.001164636085957,1.1427877347937054,3.934788491259059,1.0742873587420774,1.0,6.634406532939815,S04,Sungai Kulim
2024-09-20,S04,8.784930600128657,0.8462915069717716,22.19375751019985,0.1878930161291294,34.06849585793226,7.061662889105195,S04,Sungai Kulim
2024-09-21,S04,5.499906970802094,0.1125750833360639,1.1779728991660854,0.7005337500969265,7.883398488826086,7.84455539910652,S04,Sungai Kulim
2024-09-24,S04,5.731382517058904,0.4959868570636121,13.59747988262397,1.00394100198231,35.50138139465893,7.4020369971633455,S04,Sungai Kulim
2024-09-30,S04,8.065092408683315,0.2564932233318262,9.232594290771416,0.0968465570495526,13.583910783758435,5.01856634649833,S04,Sungai Kulim
2024-10-02,S04,3.818067139569604,2.574920350562439,40.64817675118701,0.1452228684952708,42.38563868756511,8.215469080872516,S04,Sungai Kulim
2024-11-04,S04,5.33236102048798,9.69082810530772,35.428147566641485,0.8150990765036609,29.890856513342467,7.2456024480042895,S04,Sungai Kulim
2024-11-23,S04,2.0414003792484245,1.0804909573190713,19.597850690041888,0.4178667918354131,38.450833726043655,7.9499417213456,S04,Sungai Kulim
2024-11-27,S04,10.0,1.3583188209264163,28.51493200377827,0.0459331611154574,37.77691740440898,5.350875660781676,S04,Sungai Kulim
2024-12-04,S04,6.993398446473043,0.7725055633641055,5.044255756893309,0.258378775465873,12.50533250801608,6.344586828648502,S04,Sungai Kulim
2024-12-06,S04,5.788103291391729,3.0572042471916068,5.62792278332898,0.3533898824222968,12.863676875442668,6.04197415098787,S04,Sungai Kulim
2024-12-16,S04,5.313615449005179,6.222205059323763,8.33520833419105,0.7302093088203279,13.975599580968796,6.483006140682725,S04,Sungai Kulim
2024-12-24,S04,8.523843001427984,5.46045412460405,2.10413075250164,0.6177563231784837,25.835738622471744,7.004905160348182,S04,Sungai Kulim
2024-12-27,S04,4.808677411913016,4.38193269584141,29.438534538862616,0.4302546056146331,6.75812296559082,7.422428803638372,S04,Sungai Kulim
2025-01-02,S04,5.890211998767427,1.5729620576698071,3.636215301471181,1.0540470640629709,35.86637902446752,6.65143133409221,S04,Sungai Kulim
2025-01-07,S04,6.179161362510498,1.3997198437822864,7.787935797057591,0.1519822723564683,22.28638310870971,6.874872576965758,S04,Sungai Kulim
2025-01-08,S04,5.605323159385348,3.18359447156223,40.22355034297356,0.2100691213194084,7.799763516482773,7.6109345197751965,S04,Sungai Kulim
2025-01-20,S04,4.454244664352782,0.868738846786406,1.9372088766244129,0.1384882761978619,60.89170750084711,7.094680052524142,S04,Sungai Kulim
2025-01-21,S04,6.81410457424907,0.1,1.339166140267399,1.044917073197543,10.341407424134264,7.313240940208075,S04,Sungai Kulim
2025-02-04,S04,7.416607694402128,5.563311877148784,4.827690294255164,0.0333320856090188,4.331048416224779,5.886413370562339,S04,Sungai Kulim
2025-02-11,S04,4.6496434500512365,0.752889964252741,11.400855181055846,0.01,2.6915308744719737,7.869184098312306,S04,Sungai Kulim
2025-02-26,S04,5.612347722454393,3.4745158848839024,4.630268294730807,0.1205901654246695,80.71885890005065,7.648731018092557,S04,Sungai Kulim
2025-03-03,S04,6.119865260532657,0.2327600465941155,43.02218830720722,0.8315061495128695,21.62496729900661,7.906341109840827,S04,Sungai Kulim
2025-03-05,S04,8.721317191677302,0.8399284160453319,3.47655751415036,0.6452573341041038,1.7124777200656864,7.201603008961543,S04,Sungai Kulim
2025-03-13,S04,7.614245193274621,0.9781518846299004,10.1513715632242,0.01,28.418667222117776,7.412930418341175,S04,Sungai Kulim
2025-03-21,S04,5.948851375616012,0.2630609815461368,1.0,0.7582511902947734,46.80059655946217,6.342655338955982,S04,Sungai Kulim
2025-03-26,S04,6.304709744067444,0.4608257604322921,24.2858064158269,0.4954012599250783,16.05974015898151,5.398635198619573,S04,Sungai Kulim
2025-03-30,S04,5.981399357722771,1.6148424097722456,57.15126818867017,0.7501715628100968,31.608011642635702,6.461268608352102,S04,Sungai Kulim
2025-04-01,S04,6.310381367717958,0.4349642160619231,3.637940267019887,0.1214434389220861,66.24966465245038,8.118787194455457,S04,Sungai Kulim
2025-04-07,S04,4.361484280557004,0.8274688570439317,7.964061472415444,0.4229779104642703,9.643716031806502,6.3116492255465335,S04,Sungai Kulim
2025-04-10,S04,6.52512265800385,1.8197688054499532,3.54107980385301,0.4775351367549396,11.783461317117222,7.399857308779048,S04,Sungai Kulim
2025-04-15,S04,5.793556494135007,0.5148969362601057,15.71111696987219,0.08967396962391,16.35683247231472,6.415349499512997,S04,Sungai Kulim
2025-04-26,S04,4.7646962091313,2.8724368681677785,10.335791389782752,0.2465472081054467,1.0,7.264490608872324,S04,Sungai Kulim
2025-05-02,S04,6.001055917713194,3.15912854720547,12.531824779159171,0.1808101592635859,12.442468273059252,6.862551628957861,S04,Sungai Kulim
2025-05-04,S04,3.1122903677329163,1.9521365320651216,2.2014730444198043,0.7605375630181049,1.7967612955111336,8.879286846420026,S04,Sungai Kulim
2025-05-05,S04,1.4076380937255235,2.706704228487857,3.8945993335374696,1.335432647269701,79.4014654948214,7.759911254599434,S04,Sungai Kulim
2025-05-07,S04,3.5585751481716827,3.7291719882365952,1.0,0.4301432663903003,200.0,7.079990531012442,S04,Sungai Kulim
2025-05-16,S04,8.078223574840537,0.412621553586591,18.191650498922712,0.4697737830665552,24.43003056771672,7.871703618327329,S04,Sungai Kulim
2025-05-19,S04,3.856285533919689,0.4564739730869154,7.655374768916296,0.3664659553260207,22.249482785393106,6.312480631346239,S04,Sungai Kulim
2025-05-21,S04,7.6357793160500576,2.761489247534796,15.412953885959215,0.01,13.104300181086948,8.198837088535884,S04,Sungai Kulim
2025-05-23,S04,4.1958968912849794,0.4867727239560832,2.028093265195628,0.5416515239207629,5.441265420858152,5.504214670436007,S04,Sungai Kulim
2025-05-25,S04,8.25086956882954,2.511409721959483,6.745525200511282,0.6664334804669585,25.8050777494916,6.937129285668514,S04,Sungai Kulim
2025-05-30,S04,5.342763048502031,1.489088709087208,1.0,0.1607774619066533,8.495463282317765,7.096632186000888,S04,Sungai Kulim
2025-06-08,S04,4.011301250782975,0.5550772370288581,11.537713077414944,0.5230503040168836,26.908630252578693,6.8442690439802565,S04,Sungai Kulim
2025-06-12,S04,7.569208575796048,0.3324504022171337,5.419029189599343,0.5961986687749041,7.217805970818336,7.00751628366068,S04,Sungai Kulim
2025-06-22,S04,6.03923331538798,4.553782418741062,13.003122700483235,0.3617305141425589,13.36260995377697,5.999827179284159,S04,Sungai Kulim
2025-06-23,S04,7.34572247193364,0.2542604451409153,16.49585215778286,0.0903836379651624,78.39891161288703,6.662003283654053,S04,Sungai Kulim
2025-06-29,S04,3.5217858486921982,3.855809943812893,26.689681362183062,0.6453289751511346,26.839026028784595,5.786669962971263,S04,Sungai Kulim
2025-07-03,S04,6.346683328740816,2.999360093492093,11.439209257579156,0.1791660293730053,30.773992643056356,6.745359188716533,S04,Sungai Kulim
2025-07-08,S04,4.343005950439508,2.4524649725810823,24.5911783484426,0.2286091213269419,33.78691393848912,7.157850729832213,S04,Sungai Kulim
2025-07-16,S04,4.7672771839210455,3.902939948521281,20.65418244775712,0.5378525280232734,91.73855722757357,7.949132472414087,S04,Sungai Kulim
2025-08-05,S04,10.0,5.117634081660452,16.342917597182776,0.118948917752015,44.791776389274325,6.237473996195926,S04,Sungai Kulim
2025-08-08,S04,10.0,0.4264442861554854,15.578864776263996,1.8663234333926124,77.43579576531754,6.204863256659685,S04,Sungai Kulim
2025-08-10,S04,5.619921929997011,1.953034809927384,40.4673626060876,0.3045199497232266,13.783759073091291,8.52051923337767,S04,Sungai Kulim
2025-08-18,S04,5.141511159402676,0.4110418781744449,39.86117240396536,0.0208200256830985,31.89343049125176,6.806099633515911,S04,Sungai Kulim
2025-08-26,S04,6.851774412386072,5.402179665330414,43.05239136127472,1.2787315507331087,42.19230806195431,6.435395550218241,S04,Sungai Kulim
2025-08-28,S04,4.717026181911381,1.3958042145436331,16.955900299321222,0.7455684660292303,59.25231285757097,5.810100442876818,S04,Sungai Kulim
2025-09-01,S04,7.439515884296364,1.2878342493375636,1.0,0.1461115888799261,1.5112397220759783,8.233056915841058,S04,Sungai Kulim
2025-09-02,S04,3.4134540842576726,0.8199205754235015,10.32436735392448,0.35162708845251,12.227479386280642,8.06719854870154,S04,Sungai Kulim
2025-09-08,S04,5.998582810846708,0.1785435617305374,1.1601570944244466,0.3640249914363221,1.3986055213156343,5.493983398826029,S04,Sungai Kulim
2025-09-09,S04,3.499184532060565,7.184332520018512,10.508371442380406,0.231016845640313,10.709983249246228,7.393603243282368,S04,Sungai Kulim
2025-09-14,S04,6.531756459304097,1.121255821772323,20.10808971556235,0.1143949426320833,51.3050250381819,5.870339514947496,S04,Sungai Kulim
2025-09-19,S04,5.283319695957555,0.4337223325187647,15.666214196183038,0.1997565713121464,38.0224484396078,5.751863339896045,S04,Sungai Kulim
2025-09-25,S04,8.839206009027274,0.1,1.4300876269354572,0.2836742226185258,91.60328761251772,7.182785742174554,S04,Sungai Kulim
2025-09-27,S04,2.2669200972787675,3.593513166563624,17.532913640418208,0.3345948395346831,1.225070167636483,6.549535138358101,S04,Sungai Kulim
2025-09-28,S04,8.015027379673844,0.2510640515227468,2.039059073974856,0.6056066914959851,12.117934539948104,6.242748385177748,S04,Sungai Kulim
2025-09-29,S04,4.630740348479992,0.1,6.617701763245803,0.359971476844904,19.077195250335244,7.904421295629849,S04,Sungai Kulim
2025-09-30,S04,7.581251198325537,1.1521506163930602,13.465089216227824,1.028276990790253,11.328972433718352,7.02464570799836,S04,Sungai Kulim
2025-10-05,S04,6.028546135672868,1.192325947750277,1.0,0.4294893853776916,9.546203324010389,5.701620030397149,S04,Sungai Kulim
2025-10-16,S04,3.3393727485220204,4.006014602637655,37.56777192607404,0.3751469009547002,7.052165817593393,7.358730599583287,S04,Sungai Kulim
2025-10-25,S04,7.773774780194601,0.7655674089779979,35.70222930194723,1.0997008835191715,41.122335460786914,7.807668774312955,S04,Sungai Kulim
2025-10-31,S04,8.471564383644308,1.5811102447919352,1.095992518385912,0.2687440155819022,54.15181635744213,6.649258106227781,S04,Sungai Kulim
2025-11-12,S04,3.8255081222743943,2.298428185788912,16.586978915565425,0.3281896903504953,34.959340187443054,6.0332142365847385,S04,Sungai Kulim
2025-11-16,S04,7.332625001818424,1.7432157321100092,22.35303479586533,1.630376431564566,7.307604463776523,6.850850867342757,S04,Sungai Kulim
2025-11-23,S04,6.924121786503793,0.2814871836818466,14.427686557602115,0.3928287692990296,57.77951554698394,5.225912735878389,S04,Sungai Kulim
2025-11-28,S04,9.477799327595156,2.256484106718696,4.72782570174147,0.0926252612670498,53.52101473006459,7.318970241432275,S04,Sungai Kulim
2025-12-01,S04,4.383468556718148,2.8248749718984394,9.293056256968956,0.4643714865472548,5.940134555830253,6.703255117113866,S04,Sungai Kulim
2025-12-02,S04,4.3391111868868695,1.285508777346694,5.662659883028379,0.5386554779734102,32.60547054386222,6.935045452691624,S04,Sungai Kulim
2025-12-20,S04,6.460141518382804,4.329805034313114,71.8474698689815,0.1318913840579776,27.505122267892624,6.837345371665995,S04,Sungai Kulim
2025-12-24,S04,7.677881000939225,0.9819569570060966,3.991250467462911,0.2804657465391511,38.59920273084703,7.145424986069728,S04,Sungai Kulim
2026-01-01,S04,5.988807962341907,5.5670946184237575,10.4553878169226,1.5386968536684924,9.997027708168355,7.365779849559475,S04,Sungai Kulim
2026-01-03,S04,3.8165982477213714,0.8074508107230448,12.310976876304972,1.1716082225797155,28.066009030486395,7.958580314561029,S04,Sungai Kulim
2026-01-16,S04,4.679357721053106,2.529400980610554,1.7920476079503125,0.3234547007105441,42.23644235788058,6.047403359410662,S04,Sungai Kulim
2026-01-20,S04,4.94793031466484,1.1401994775582245,7.829221924040671,0.5807000777644524,7.775980968567547,6.519594691668829,S04,Sungai Kulim
2026-01-21,S04,1.6933141602575112,4.073280214166815,7.247292784421823,0.7848839828464313,1.0,7.855426965116147,S04,Sungai Kulim
2026-01-31,S04,8.423887970772801,0.5183998088380105,41.63801908603408,0.9372043334361456,16.832992964312204,6.689935286995544,S04,Sungai Kulim
2026-02-02,S04,5.261445721507593,0.7131481765441472,43.80258822615964,0.0488231593340077,2.0364188435614645,6.319547688397253,S04,Sungai Kulim
2026-02-07,S04,3.294659428312931,0.1182092230727738,53.6619360419576,1.3111638922808289,16.527864783662558,6.057141772183861,S04,Sungai Kulim
2026-02-12,S04,4.928397073895404,2.185693114443944,1.0,0.3230766644425504,47.68512404043511,7.542109681539911,S04,Sungai Kulim
2026-02-13,S04,2.5852840848141065,1.087161460271869,8.761532913822615,0.0653865466914885,28.22469386462136,6.993860749052398,S04,Sungai Kulim
2026-02-19,S04,7.00356547233509,2.165533070403605,30.465611321655008,0.0529749883956411,62.67345232866382,6.951876400475898,S04,Sungai Kulim
2026-02-21,S04,8.896998459785852,0.9185234054202026,8.53871316860894,0.5855340055502805,9.831898593427209,6.263878214833851,S04,Sungai Kulim
2026-02-23,S04,3.3479046278359235,1.0919958359123716,35.4003750466057,0.594523145827995,62.20423182134261,6.591767072349549,S04,Sungai Kulim
2026-03-09,S04,4.14097827961518,1.3100077137656885,12.055752384923396,0.198169327949257,91.38000164809,6.595642232277179,S04,Sungai Kulim
2026-03-20,S04,4.906639830825469,0.6874521563101749,3.188426327393307,0.1758015741892914,33.644089928574964,6.553415790081773,S04,Sungai Kulim
2026-03-27,S04,3.7034734224947634,3.028692667952104,1.0,0.2399062000578412,3.62310789816234,6.284933423488728,S04,Sungai Kulim
2026-04-04,S04,6.681178432800993,1.3280719307871494,1.0,1.43158690171042,8.443466097973888,5.785267440937054,S04,Sungai Kulim
2026-04-13,S04,7.144114883428288,0.6620840232600429,19.222179319553323,0.3587439013895766,26.57786936881936,7.511165451370196,S04,Sungai Kulim
2026-04-16,S04,5.331845538040119,0.1,10.18219646817026,0.4162894489348226,39.35864530225464,5.817598195756652,S04,Sungai Kulim
2026-04-21,S04,6.450615844081884,1.1184630255481236,6.791206120573724,1.436121505955029,32.750079640128135,6.5854927546665145,S04,Sungai Kulim
2026-04-28,S04,8.762908157380974,1.5337703264500329,36.75366477080696,0.0748071039917481,1.5745560730460375,5.836086267768551,S04,Sungai Kulim
2026-05-06,S04,4.618917895367481,6.5434195024900585,6.754973100443371,0.229312056037715,90.83546154712732,6.246894811088588,S04,Sungai Kulim
2026-05-07,S04,4.167616169037515,1.4224554678758092,1.0306939835762703,0.4051364540792377,86.9230439072386,5.4843350796221575,S04,Sungai Kulim
2026-05-10,S04,4.568480021778496,6.382126081885484,15.959125348706182,0.2309293452678068,18.206900245399535,7.879667571462136,S04,Sungai Kulim
2026-06-03,S04,8.906521326642068,5.927287436565269,7.569603454509615,0.3899043444230982,5.585791534025101,7.173243790702565,S04,Sungai Kulim
2026-06-04,S04,3.3227884005535024,0.1915371852526836,17.755855245374764,0.927119003064378,14.489781148969255,5.742215564737496,S04,Sungai Kulim
2026-06-07,S04,9.438755812414591,1.5423910457138963,4.674997487359145,3.2255558507343856,90.84987220008244,7.059910067497246,S04,Sungai Kulim
2026-06-10,S04,4.90088572818284,1.1954691911579085,18.39545027018874,0.5266250138045765,5.855320310071933,6.4070698650921365,S04,Sungai Kulim
2026-06-19,S04,8.887264006937627,7.584622611356139,43.719120051658834,0.0887578924322864,76.56705074030636,6.602358010531455,S04,Sungai Kulim
2026-06-27,S04,7.936369321065722,9.268203510460674,7.007092879173951,0.3517644607047606,39.17057953185443,7.978246337706727,S04,Sungai Kulim
2026-07-15,S04,4.297187131479372,0.1,12.35397141024797,0.23575307906119,35.0031324832394,7.16165960492905,S04,Sungai Kulim
2026-07-22,S04,6.840188980903682,0.3003676674956148,15.741501073866328,1.4890685589780464,1.0,6.107802770898549,S04,Sungai Kulim
2026-07-23,S04,7.213701186431342,1.684252672868285,1.0,3.291865514891702,5.582393325838464,6.777351795298739,S04,Sungai Kulim
2026-07-30,S04,5.165266372789831,1.0033333599369645,17.376591635136876,0.3350424974693017,11.694301118149134,6.551159318382186,S04,Sungai Kulim
2026-08-01,S04,7.951633438689418,0.5594153780048572,1.0177722833530742,0.580660110017886,4.779503332284945,8.316283961816596,S04,Sungai Kulim
2026-08-09,S04,10.0,0.7742596007771472,2.8985884999403964,0.1108401426342196,21.155580471539977,6.336543700510904,S04,Sungai Kulim
2026-08-20,S04,7.06925817224487,0.7734837212997688,18.782701974224867,0.3643467759508888,22.66648124552684,6.690804087741768,S04,Sungai Kulim
2026-08-25,S04,3.9722080954149246,1.1765395598567936,9.49991371822106,1.488745856184987,53.3932795962571,7.7958949550303505,S04,Sungai Kulim
2026-08-27,S04,4.149150747880825,8.189581533220137,1.5907442492102624,0.168019868293408,3.167861265408115,6.880291244598566,S04,Sungai Kulim
2026-08-31,S04,4.008369210419541,1.8695429920776057,5.057797826972016,0.8654866818776449,6.425585011935567,6.959935520914827,S04,Sungai Kulim
2026-09-07,S04,5.899590765916511,3.685541491523588,3.872506872169053,0.130569434950239,79.95984942885664,7.22553441660084,S04,Sungai Kulim
2026-09-16,S04,5.89375869396491,0.8548765618147648,12.22717140678174,1.7629269811353945,67.90911481654766,6.319373801097477,S04,Sungai Kulim
2026-09-17,S04,8.447137764837255,1.9364044817977943,4.436140544550087,0.6295015422768836,16.064825297193526,6.416967842898093,S04,Sungai Kulim
2026-09-24,S04,8.474876269368279,2.435004178119072,30.757983167922283,0.9810411479797092,127.97599196409897,8.052657472012978,S04,Sungai Kulim
2026-09-29,S04,1.5062213320307896,6.187411696775183,4.457828532991661,0.2090562850772381,61.05472726300817,7.419667746438091,S04,Sungai Kulim
2026-09-30,S04,4.786599410469407,3.220252125831439,9.79318346035592,0.5755313562273741,8.142404212043285,6.731146642795408,S04,Sungai Kulim
2026-10-02,S04,8.400157912853722,0.1409250033541516,36.76880387150371,0.6652267652550582,29.59643873523974,5.791563159704403,S04,Sungai Kulim
2026-10-21,S04,6.163991112827121,0.6960442909427753,2.2317739174496043,0.1721073894519109,14.785789954340071,6.985657625400161,S04,Sungai Kulim
2026-11-06,S04,6.62261734688577,4.396461161039542,28.4886042827911,0.2790388003054496,15.254833428016672,8.480624913948587,S04,Sungai Kulim
2026-11-13,S04,9.61861269946622,0.7428094609516299,12.206633565418487,0.2373821561811355,23.52725671137172,5.006088278733547,S04,Sungai Kulim
2026-11-19,S04,5.258983802819942,0.2860884399080486,27.20343649309119,0.3932141323808759,1.2886278630097827,7.7342177204412,S04,Sungai Kulim
2026-11-27,S04,4.684330892295726,0.2419996539909823,23.195242526971583,0.3769113761622596,37.06636583030202,7.6750320207052605,S04,Sungai Kulim
2026-12-03,S04,3.6488107887502967,1.5045519528712807,6.573987034616531,0.0388434402104802,25.346051389344268,7.279692264822708,S04,Sungai Kulim
2026-12-05,S04,7.194456436506769,2.037549787376217,13.205727021153605,1.1073976123107838,3.515544002616364,5.0,S04,Sungai Kulim
2026-12-21,S04,6.1906883988826165,4.049900529393362,13.407524879526918,0.2138313300830442,49.83288160571835,7.601986701659375,S04,Sungai Kulim
2027-01-01,S04,7.224937588027204,1.885146521805356,9.378256967797236,0.5073637512211379,34.10146740403139,6.857034492349204,S04,Sungai Kulim
2027-01-03,S04,5.511839052651597,2.4781743251522337,8.95662007100531,0.876445317823994,24.95936856528924,7.643954058909878,S04,Sungai Kulim
2027-01-15,S04,8.047419092213962,2.5843435232263468,1.0,1.1081824815985115,20.52319668724318,7.346280322015979,S04,Sungai Kulim
2027-01-19,S04,6.047806086569911,0.1350095818132274,11.72311917087852,0.0540122876651501,17.590495844548357,6.830488375041406,S04,Sungai Kulim
2027-01-27,S04,1.799946984696752,1.1565346150939937,18.336973609681127,0.1249512389190597,49.9836908600294,6.3786447576222844,S04,Sungai Kulim
2027-02-03,S04,3.882184825886799,1.113371716131574,8.105059717093422,0.099624959455155,16.043333724727788,7.443710966505446,S04,Sungai Kulim
2027-02-04,S04,8.963326804925197,1.2660804525936895,19.67777017593358,0.2609161611766898,1.3673935845165033,5.700865725944026,S04,Sungai Kulim
2027-02-07,S04,8.022926070816712,0.7469241733004863,3.1981999987109626,0.3568922528674317,19.205512902549536,7.099500897840744,S04,Sungai Kulim
2027-02-08,S04,8.682951831061763,1.4902214598815384,27.488555386269155,0.0683967749784581,69.00552393879961,8.278488716601407,S04,Sungai Kulim
2027-02-09,S04,4.515031534923232,0.1366761171806381,19.36000419956654,0.6716022313793744,12.291408532067626,7.173375713698307,S04,Sungai Kulim
2027-02-11,S04,8.46174902630947,0.8927614075512592,1.875920457061113,0.1525323036575771,61.858972128256966,7.292135200838657,S04,Sungai Kulim
2027-02-14,S04,4.240371292995891,2.294628813159515,1.0,0.2101235500154935,4.203208567822585,7.45884706950194,S04,Sungai Kulim
2027-02-23,S04,6.087029337286932,4.075768426488784,3.122043192926826,0.840545189808433,12.990100157778716,6.595128567046489,S04,Sungai Kulim
2027-02-24,S04,7.116279029037012,4.429737314543447,14.704256975736314,0.3401245425468378,5.485253922432082,6.09356612209803,S04,Sungai Kulim
2027-02-27,S04,6.482643869833562,0.1601853143593554,5.635290234345424,0.6015084259542695,70.16481016901596,6.996589649884899,S04,Sungai Kulim
2027-03-01,S04,6.77264663562312,3.4436396003666703,34.82898186054549,1.168628414710832,6.939549903513474,8.164321070180954,S04,Sungai Kulim
2027-03-12,S04,7.245422447800538,2.8545235807903167,17.597907710443177,0.6766290967157413,1.5363511103284413,6.459143427765112,S04,Sungai Kulim
2027-03-20,S04,6.909481824282269,1.7466304846432408,13.865680358337302,0.5943028276111151,72.49002507960662,6.7383412553089705,S04,Sungai Kulim
2027-03-22,S04,5.607066833143806,0.4170818800432206,61.65463961445863,0.5465255283822663,64.80195066871873,7.362577521826318,S04,Sungai Kulim
2027-03-27,S04,5.01769250571579,0.1,1.0,0.287928597118044,19.716022237501267,6.107898989869209,S04,Sungai Kulim
2027-03-28,S04,5.430249013260658,0.1004922015015004,1.0,0.0109321416801696,15.357679179925457,7.058575560249972,S04,Sungai Kulim
2027-04-02,S04,7.749034148265045,1.8143968721981008,2.6997837545482097,0.236113078804164,9.423315144530418,6.058374694837543,S04,Sungai Kulim
2027-04-10,S04,5.087758345051624,0.4610463985618696,1.1410004043015167,0.1433714901048889,2.30523871677442,7.176673416232282,S04,Sungai Kulim
2027-04-16,S04,5.937121659250447,6.579271792141605,9.722375353031474,0.5131584325334737,13.949771730999815,6.950579150183551,S04,Sungai Kulim
2027-04-18,S04,7.1462556264824,0.4069302050266934,1.0,0.4107647420152671,58.63316402843726,6.522176851323001,S04,Sungai Kulim
2027-04-20,S04,5.280740655095075,3.35170007172965,22.567907592394587,0.1522786507946733,29.798493177863666,5.954321324480694,S04,Sungai Kulim
2027-04-27,S04,2.4475073330670964,2.752851526591807,6.28587301045795,0.763126755962293,1.0,7.189373696821114,S04,Sungai Kulim
2027-04-30,S04,7.8307805511203235,2.0457888954885264,32.162772063426615,0.2454724218655778,7.956967467223333,7.417616508088614,S04,Sungai Kulim
2027-05-02,S04,5.7664681684095065,6.338794009203831,10.935652032150598,0.2538730963114936,1.1277318666953606,6.84575513015407,S04,Sungai Kulim
2027-05-05,S04,5.357514467764177,0.3642516648172799,50.154039447567975,0.0356142658329967,28.78252954320753,7.772900260424249,S04,Sungai Kulim
2027-05-08,S04,6.9641334546707725,0.5367611332831346,41.6009166789725,0.3549551441020945,5.382451962090263,6.906809317895172,S04,Sungai Kulim
2027-05-09,S04,6.737466294635039,1.363903412996305,11.32136989092684,0.0121337682544782,8.106977509099412,7.391369459731441,S04,Sungai Kulim
2027-05-10,S04,6.787594596432503,4.926328281074947,14.313900993039796,0.1877289469239028,20.946578259475107,7.35239559693067,S04,Sungai Kulim
2027-05-13,S04,7.690315942368644,2.8457244334524696,21.921048500234484,0.2994483199111675,18.70109090886332,7.776370109525333,S04,Sungai Kulim
2027-05-27,S04,5.400323607450239,0.6913257618775555,4.870553145754756,0.8278313793045015,2.8253079085468658,7.930118446948954,S04,Sungai Kulim
2027-06-02,S04,2.9667149011584177,0.6176359127156219,1.0,0.0947390194585945,30.321368497151905,6.853678746060859,S04,Sungai Kulim
2027-06-04,S04,3.66444089746413,0.2184583421881955,21.534331471795845,0.2997406787967519,171.72356863521105,8.176529592521831,S04,Sungai Kulim
2027-06-05,S04,6.433551127525258,2.1375014474382352,11.5627131943183,0.2172663006446418,14.11168547056186,5.939774902438047,S04,Sungai Kulim
2027-06-09,S04,4.7842494786483645,1.2061865284386637,4.058842616278597,0.1490380960719189,35.0933652638813,6.444986714002599,S04,Sungai Kulim
2027-06-18,S04,5.538950749639499,1.0996303455835823,40.06844167503186,0.3102537476897011,59.9987580273114,7.890238556490325,S04,Sungai Kulim
2027-06-26,S04,5.384383057722232,5.146987809507346,11.725957037019649,0.0671436365891786,3.290220505892563,8.887691407280084,S04,Sungai Kulim
2027-07-06,S04,4.1806331660363325,1.2160199848281317,1.2295202699154495,0.5078099851243767,10.38530982620233,6.740206451934421,S04,Sungai Kulim
2027-07-08,S04,4.664440887062227,1.6856031740024775,2.6856749359737084,0.0167664703360121,17.28748265379572,7.408201777924015,S04,Sungai Kulim
2027-07-09,S04,6.584385456652746,3.5722432837932727,19.974454262492856,0.9548932081517484,11.02177255902498,7.209613259486781,S04,Sungai Kulim
2027-07-12,S04,1.7585996947298677,2.3538676113039734,13.72302149047323,0.5823164980405658,5.397302778585208,7.142935820175258,S04,Sungai Kulim
2027-07-13,S04,4.78626964428565,2.243517672321738,2.8179747906816504,0.7862075688433616,1.0,5.0,S04,Sungai Kulim
2027-07-18,S04,8.776675556416896,3.2044860966175515,17.476939127076754,0.0562942670826609,58.55683737545104,6.166837638580145,S04,Sungai Kulim
2027-07-22,S04,1.7388670403855988,0.9652325336807256,20.697245794382276,0.1570062136295206,21.27184692977099,5.619028830433688,S04,Sungai Kulim
2027-07-23,S04,7.536414433263475,1.9919415251375627,4.5578833063156265,0.1390077964178945,49.85445637746792,6.871639965387493,S04,Sungai Kulim
2027-07-30,S04,6.574657808806019,0.3842136370803944,18.740920511069863,1.473254286407794,8.578180135732849,8.421835814424362,S04,Sungai Kulim
2027-08-04,S04,2.9656526066566418,0.62394206252657,1.6295906905882436,2.135347406473049,1.0,6.4682392758791885,S04,Sungai Kulim
2027-08-12,S04,4.538087448569053,1.9710316278308413,6.25656587666851,0.3855793348309945,4.089055089470194,7.796421353339292,S04,Sungai Kulim
2027-08-19,S04,8.591743563726029,0.2273467272922695,1.0,1.3893997936558928,39.0701234883718,6.898273122500092,S04,Sungai Kulim
2027-08-24,S04,6.183504968896746,14.678001133750666,1.0,0.3487097880485479,16.856008976422917,6.938977478608334,S04,Sungai Kulim
2027-08-26,S04,5.767541913756084,0.6162342153701524,11.942075063803069,0.1457479872444847,51.14742340670247,7.688266047533377,S04,Sungai Kulim
2027-08-27,S04,6.429426366341053,2.1745127494553147,3.7138568721719576,0.3642848992266117,1.0,5.0,S04,Sungai Kulim
2027-08-28,S04,9.156236115124369,6.730616420060824,8.40253418642814,0.01,144.83819802095513,9.0,S04,Sungai Kulim
2027-08-29,S04,7.970899371230437,4.949461556640923,15.84467587332559,0.1536338362837398,6.059585128359792,8.201503307037054,S04,Sungai Kulim
2027-08-30,S04,7.738309184993793,1.3978296432026835,19.48146260953896,0.3608050358259168,19.060445012498253,6.791193020662149,S04,Sungai Kulim
2027-09-04,S04,8.945341351501964,0.3576050107598819,4.587149835041901,1.332144739794637,15.079589597288322,6.884800017838671,S04,Sungai Kulim
2027-09-08,S04,5.215057787878254,3.385158550634382,5.679793435752862,0.5632152804780737,149.5963865835553,7.031655779306918,S04,Sungai Kulim
2027-09-11,S04,7.280959590401648,0.8377862984632986,19.06558269672728,0.6712441079559078,38.83539705084213,6.827335395651076,S04,Sungai Kulim
2027-09-17,S04,5.62620768367603,3.4390526100757253,1.6370969996381342,0.1450781402880729,6.467459624505068,7.171570613974041,S04,Sungai Kulim
2027-09-25,S04,7.864383128520769,3.702324576815332,6.564184875405172,0.5058129263454393,76.58194595626456,6.756265732995475,S04,Sungai Kulim
2027-09-27,S04,8.271240294365889,2.466003841357379,7.961657152376143,0.5674054149890397,17.199717191050237,5.0,S04,Sungai Kulim
2027-10-03,S04,8.44616613419065,0.8973930927755046,12.33840248648715,0.7373137743945773,5.400404055483458,6.961611364119535,S04,Sungai Kulim
2027-10-06,S04,4.859297267172639,1.2869379173655613,8.002863657170508,1.1288666283344813,48.465173580539386,8.09297182816463,S04,Sungai Kulim
2027-10-12,S04,9.974551998461616,1.0584631317527249,17.65820605466727,0.1404879766528712,45.2058460043996,6.600638401379256,S04,Sungai Kulim
2027-10-18,S04,6.399620867437427,0.1,9.373624014889876,0.619356909172777,33.32024087614322,7.009095927038795,S04,Sungai Kulim
2027-10-19,S04,6.52804016266734,4.135567742206534,25.78342217035425,0.061309776670428,120.58839279370294,7.340925247716948,S04,Sungai Kulim
2027-10-27,S04,3.739592550652152,3.81543723858358,23.428292288826672,0.0286744947352016,63.79563650978889,6.58103657368838,S04,Sungai Kulim
2027-10-31,S04,6.144073722567489,0.3106804700446425,7.92778815076406,0.0408910020715599,22.776797655398227,7.588524114913095,S04,Sungai Kulim
2027-11-02,S04,4.096163079955529,0.1,2.1991818323717323,0.2017888632847507,47.13783517988833,7.941767029933532,S04,Sungai Kulim
2027-11-05,S04,3.516478849036752,1.4596860192942431,3.3121455620239346,0.368653529175543,1.0,6.016093507770767,S04,Sungai Kulim
2027-11-06,S04,6.668352834489795,0.1,1.0,1.353598375540154,49.68067197660936,6.357021071284252,S04,Sungai Kulim
2027-11-11,S04,9.775375314680382,0.5305864066803223,6.365787554471883,0.1100031648047371,1.0,7.028236312596173,S04,Sungai Kulim
2027-11-15,S04,2.905392022123269,0.5402619319432006,1.0,0.3637003637112278,15.227086620781469,6.56060907734994,S04,Sungai Kulim
2027-11-16,S04,8.165382107774146,1.9778866441332388,42.246186944746576,0.1528304428728292,12.099804696476632,6.802336450553824,S04,Sungai Kulim
2027-11-17,S04,5.057750696364243,3.54320314200723,33.39469087486313,0.1177755268034604,29.378907004679824,6.09626603255157,S04,Sungai Kulim
2027-11-20,S04,3.4256728628315,4.034986849146292,15.91012302973772,0.0299640540397184,48.75546102390403,6.899344518761334,S04,Sungai Kulim
2027-11-25,S04,0.5,1.971295714734464,9.166055919483972,0.417069237998279,7.326673903196039,6.306841784038081,S04,Sungai Kulim
2027-12-07,S04,6.068882023411683,0.4271682094955509,8.738423373910214,0.6345347532395129,20.747142893223028,7.540531562605581,S04,Sungai Kulim
2027-12-09,S04,4.683503175332303,0.5642446782961745,28.334061827300665,0.0528143704065949,10.521355446938603,6.633281309429765,S04,Sungai Kulim
2027-12-21,S04,6.448432808581586,3.010020407549385,23.849568755646576,0.01,19.49558016230941,6.587624581532912,S04,Sungai Kulim
2027-12-22,S04,7.429219581273236,0.4981294441072529,7.5323326898679746,0.0922707956996091,16.857397554121444,6.615870173445565,S04,Sungai Kulim
2027-12-24,S04,8.318148129911796,1.0428708549585357,31.885496469328327,0.1988579905353414,78.33741754811088,7.089585546097006,S04,Sungai Kulim
2027-12-27,S04,8.394493847290455,1.085746152048474,1.0,0.4662224767003248,75.62350901457056,8.075427660187676,S04,Sungai Kulim
2028-01-12,S04,6.643186422678477,4.459953949226526,2.7738790725327997,1.1196129499035516,8.182412064917589,7.077991151218957,S04,Sungai Kulim
2028-01-15,S04,6.450528234495099,0.5708026297312974,13.621973755532444,0.1290281437121239,2.419575224050296,6.637392379242366,S04,Sungai Kulim
2028-01-23,S04,7.550310988069566,1.059090421606008,6.776903626477769,1.3950554374505997,2.856965460413616,6.112312505677576,S04,Sungai Kulim
2028-02-05,S04,6.28717587301032,1.9157403407098503,1.0,0.1447135885588849,35.5600166943947,7.605843379019798,S04,Sungai Kulim
2028-02-08,S04,5.811082571115994,0.7389927852241153,16.60034815514983,0.6770229396484068,34.03933092165628,5.895478263911889,S04,Sungai Kulim
2028-02-21,S04,6.722834634546206,3.492060444297564,33.82122060997784,0.0730253740867103,41.8054846103158,6.135786352175446,S04,Sungai Kulim
2028-02-25,S04,2.260367320935672,3.796010549078797,35.44289317304632,0.0311699605504109,29.23299626646029,8.216512076813636,S04,Sungai Kulim
2028-03-03,S04,5.611461736042961,2.0721206975215893,3.353526268917022,0.2184048799361963,4.588550970831324,7.027515036246067,S04,Sungai Kulim
2028-03-14,S04,8.636604649705339,1.5618389964399992,3.889837549770073,0.1966197692332051,5.073525135162468,6.703970709945443,S04,Sungai Kulim
2028-03-19,S04,2.537597393110149,1.399217683835627,3.526709127138978,1.1389893401489208,62.06541319901083,6.785057697980035,S04,Sungai Kulim
2028-03-23,S04,7.903099541148085,2.089708706254247,19.10884507720679,0.2339156500045399,31.86606655219403,5.656397765669277,S04,Sungai Kulim
2028-03-24,S04,3.9576750848794,0.3784177087964943,17.436849973530258,0.2024167259960022,2.5025103445563044,6.033357187472534,S04,Sungai Kulim
2028-03-27,S04,7.693541550432988,0.3420604099701336,12.606350236688716,0.3237277253240918,22.56691289906688,7.296965410776047,S04,Sungai Kulim
2028-04-03,S04,4.575652271647913,3.405542903388377,8.917751791277235,0.6528804890703451,11.975696904893146,7.474443240226417,S04,Sungai Kulim
2028-04-05,S04,4.206715545369583,1.39378650075045,3.7507435245766665,0.2022252613526908,56.4396381742739,7.660445659895652,S04,Sungai Kulim
2028-04-08,S04,0.5,0.2842118843814916,9.614390122157834,0.01,2.26377211487887,6.534735389418225,S04,Sungai Kulim
2028-04-14,S04,8.657281656496462,3.878018736540729,24.243317370977365,1.2001218192592442,57.913470027108005,8.533830374884603,S04,Sungai Kulim
2028-04-16,S04,4.786993223568521,0.1902063445089603,3.922117497602735,0.6660586885229425,17.36738034226218,6.40652547119322,S04,Sungai Kulim
2028-04-19,S04,4.61079926167371,0.2760029315168192,3.8744227850002697,1.1165105770513644,24.98422852206063,7.350004962778429,S04,Sungai Kulim
2028-04-22,S04,5.22015258688111,1.951751636425062,6.542208601826392,0.01,20.938673371432465,9.0,S04,Sungai Kulim
2028-04-27,S04,7.216492383369937,0.5375440909294724,1.56322796691708,0.2113973982406577,23.52788346448182,7.098183126164387,S04,Sungai Kulim
2028-05-01,S04,4.49512952529393,4.028741653297674,54.20399155113702,0.0525308203537428,6.951948633680447,6.870684964417111,S04,Sungai Kulim
2028-05-08,S04,3.7926603429392616,0.2236438474961832,18.440529434303876,0.1320699633315606,15.12664170921967,7.0120986092676425,S04,Sungai Kulim
2028-05-09,S04,5.338421551344886,1.4110058089921278,1.0,0.01,122.66537687935153,7.269058375457025,S04,Sungai Kulim
2028-05-10,S04,4.439601741765075,3.370749561508507,30.62602467088629,0.70765684988237,49.57980378612432,6.700301744539156,S04,Sungai Kulim
2028-05-12,S04,3.606422707147377,1.4411102061812466,2.0426555459223503,0.8301370248934805,9.762101765975316,6.5257606134570825,S04,Sungai Kulim
2028-05-18,S04,10.0,1.2769487464744609,6.149163234111066,0.2967630373235937,49.951775375941246,6.348949086456857,S04,Sungai Kulim
2028-05-31,S04,4.646009723082937,0.5458369464563232,12.682751975630769,1.1224157305174631,11.70445161584612,8.007426969148934,S04,Sungai Kulim
2028-06-03,S04,7.800797176790127,0.3699123431721179,19.792068891372573,0.5047426134206695,4.843667628025118,7.879571017116523,S04,Sungai Kulim
2028-06-04,S04,6.902450638637016,1.2348656533755094,17.369525134434408,0.18100238512494,94.97379219239689,6.718671852932628,S04,Sungai Kulim
2028-06-09,S04,7.471243994491493,1.6046404516740065,6.924290594319876,0.0292599722930618,1.0,6.465313468807289,S04,Sungai Kulim
2028-06-16,S04,7.514990298674971,1.2241101558339629,16.214270169549987,0.4737762760960768,10.22887032626958,6.773051023258262,S04,Sungai Kulim
